torneo,jugador,pais,ronda1,ronda2,ronda3,ronda4,total,posicion,premio
Masters 2024,Scottie Scheffler,USA,67,68,69,71,275,1,3600000
Masters 2024,Collin Morikawa,USA,68,70,69,70,277,2,2160000
Masters 2024,Ludvig Aberg,Suecia,69,68,71,70,278,3,1360000
Masters 2024,Jon Rahm,España,70,69,70,70,279,4,960000
Masters 2024,Patrick Cantlay,USA,71,68,72,69,280,5,800000
Masters 2024,Rory McIlroy,Irlanda,70,72,69,70,281,6,720000
Masters 2024,Xander Schauffele,USA,69,71,70,72,282,7,640000
Masters 2024,Jordan Spieth,USA,72,70,71,70,283,8,560000
Masters 2024,Viktor Hovland,Noruega,71,72,70,71,284,9,480000
Masters 2024,Tiger Woods,USA,73,72,71,70,286,10,400000
US Open 2024,Bryson DeChambeau,USA,67,68,69,70,274,1,4000000
US Open 2024,Rory McIlroy,Irlanda,68,69,70,68,275,2,2400000
US Open 2024,Tony Finau,USA,69,70,68,69,276,3,1500000
US Open 2024,Patrick Cantlay,USA,70,69,71,68,278,4,1000000
US Open 2024,Collin Morikawa,USA,68,71,70,70,279,5,850000
US Open 2024,Ludvig Aberg,Suecia,69,70,72,69,280,6,750000
US Open 2024,Scottie Scheffler,USA,71,72,69,69,281,7,650000
US Open 2024,Viktor Hovland,Noruega,70,71,70,71,282,8,550000
US Open 2024,Jordan Spieth,USA,72,70,72,69,283,9,450000
US Open 2024,Jon Rahm,España,71,73,70,70,284,10,350000
Open Championship 2024,Xander Schauffele,USA,68,67,69,69,273,1,3500000
Open Championship 2024,Collin Morikawa,USA,69,68,70,68,275,2,2100000
Open Championship 2024,Scottie Scheffler,USA,70,69,68,69,276,3,1300000
Open Championship 2024,Tyrrell Hatton,Inglaterra,71,70,69,68,278,4,900000
Open Championship 2024,Tommy Fleetwood,Inglaterra,69,72,70,68,279,5,800000
Open Championship 2024,Ludvig Aberg,Suecia,70,71,69,70,280,6,700000
Open Championship 2024,Rory McIlroy,Irlanda,72,70,70,69,281,7,600000
Open Championship 2024,Jon Rahm,España,71,72,71,68,282,8,500000
Open Championship 2024,Patrick Cantlay,USA,70,73,70,70,283,9,400000
Open Championship 2024,Jordan Spieth,USA,73,71,70,70,284,10,300000
PGA Championship 2024,Brooks Koepka,USA,67,68,69,69,273,1,3800000
PGA Championship 2024,Viktor Hovland,Noruega,68,69,70,68,275,2,2200000
PGA Championship 2024,Collin Morikawa,USA,69,70,69,68,276,3,1400000
PGA Championship 2024,Scottie Scheffler,USA,70,69,70,68,277,4,1000000
PGA Championship 2024,Bryson DeChambeau,USA,68,71,69,70,278,5,850000
PGA Championship 2024,Rory McIlroy,Irlanda,69,72,70,68,279,6,750000
PGA Championship 2024,Patrick Cantlay,USA,70,71,70,69,280,7,650000
PGA Championship 2024,Jon Rahm,España,71,72,69,69,281,8,550000
PGA Championship 2024,Jordan Spieth,USA,72,70,71,69,282,9,450000
PGA Championship 2024,Tiger Woods,USA,73,71,70,70,284,10,350000
